http://www.ultimate-guitar.com/tabs/led_zeppelin_tabs.htm,LedZeppelin
http://www.ultimate-guitar.com/tabs/eric_clapton_tabs.htm,EricClapton
http://www.ultimate-guitar.com/tabs/white_stripes_tabs.htm,WhiteStripes
http://www.ultimate-guitar.com/tabs/the_raconteurs_tabs.htm,TheRaconteurs
http://www.ultimate-guitar.com/tabs/wes_montgomery_tabs.htm,WesMontgomery
http://www.ultimate-guitar.com/tabs/bb_king_tabs.htm,BBKing
http://www.ultimate-guitar.com/tabs/albert_king_tabs.htm,AlbertKing
http://www.ultimate-guitar.com/tabs/freddie_king_tabs.htm,FreddieKing
http://www.ultimate-guitar.com/tabs/pantera_tabs.htm,Pantera
http://www.ultimate-guitar.com/tabs/megadeth_tabs.htm,Megadeth
http://www.ultimate-guitar.com/tabs/slayer_tabs.htm,Slayer
http://www.ultimate-guitar.com/tabs/brand_new_tabs.htm,BrandNew
http://www.ultimate-guitar.com/tabs/rush_tabs.htm,Rush
http://www.ultimate-guitar.com/tabs/the_allman_brothers_band_tabs.htm,TheAllmanBrothersBand
http://www.ultimate-guitar.com/tabs/dream_theater_tabs.htm,DreamTheatre
http://www.ultimate-guitar.com/tabs/zakk_wylde_tabs.htm,ZakkWylde
http://www.ultimate-guitar.com/tabs/jack_white_tabs.htm,JackWhite
http://www.ultimate-guitar.com/tabs/korn_tabs.htm,Korn
